<?xml version="1.0" ?>
<LOG_ROOT>
	<PROJECT NAME="hazard_tunit">
		<CBX_INST_ENTRY INSTANCE_NAME="|hazard_tunit|lpm_compare0:inst19|lpm_compare:lpm_compare_component" CBX_FILE_NAME="cmpr_ahg.tdf"/>
		<CBX_INST_ENTRY INSTANCE_NAME="|hazard_tunit|lpm_compare0:inst26|lpm_compare:lpm_compare_component" CBX_FILE_NAME="cmpr_ahg.tdf"/>
		<CBX_INST_ENTRY INSTANCE_NAME="|hazard_tunit|lpm_compare0:inst21|lpm_compare:lpm_compare_component" CBX_FILE_NAME="cmpr_ahg.tdf"/>
		<CBX_INST_ENTRY INSTANCE_NAME="|hazard_tunit|lpm_compare0:inst25|lpm_compare:lpm_compare_component" CBX_FILE_NAME="cmpr_ahg.tdf"/>
		<CBX_INST_ENTRY INSTANCE_NAME="|hazard_tunit|lpm_compare0:inst29|lpm_compare:lpm_compare_component" CBX_FILE_NAME="cmpr_ahg.tdf"/>
		<CBX_INST_ENTRY INSTANCE_NAME="|hazard_tunit|lpm_compare0:inst32|lpm_compare:lpm_compare_component" CBX_FILE_NAME="cmpr_ahg.tdf"/>
	</PROJECT>
</LOG_ROOT>
