<?xml version="1.0" ?>
<LOG_ROOT>
	<PROJECT NAME="MIPS_processor_H">
		<CBX_INST_ENTRY INSTANCE_NAME="|MIPS_processor_H|ula32:inst18|lpm_clshift0:inst42|lpm_clshift:lpm_clshift_component" CBX_FILE_NAME="lpm_clshift_euc.tdf"/>
		<CBX_INST_ENTRY INSTANCE_NAME="|MIPS_processor_H|hazard_tunit:inst54|lpm_compare0:inst21|lpm_compare:lpm_compare_component" CBX_FILE_NAME="cmpr_ahg.tdf"/>
		<CBX_INST_ENTRY INSTANCE_NAME="|MIPS_processor_H|BUSMUX:inst12|lpm_mux:$00000" CBX_FILE_NAME="mux_9oc.tdf"/>
		<CBX_INST_ENTRY INSTANCE_NAME="|MIPS_processor_H|BUSMUX:inst3|lpm_mux:$00000" CBX_FILE_NAME="mux_9oc.tdf"/>
		<CBX_INST_ENTRY INSTANCE_NAME="|MIPS_processor_H|ula32:inst15|lui:inst40|lpm_constant2:inst|lpm_constant:lpm_constant_component" CBX_FILE_NAME="lpm_constant_9k6.tdf"/>
		<CBX_INST_ENTRY INSTANCE_NAME="|MIPS_processor_H|ula32:inst18|lpm_mult0:inst36|lpm_mult:lpm_mult_component" CBX_FILE_NAME="mult_44n.tdf"/>
		<CBX_INST_ENTRY INSTANCE_NAME="|MIPS_processor_H|MemoriadeDados:inst23|MuxDadosMem:inst5|lpm_mux:lpm_mux_component" CBX_FILE_NAME="mux_9oc.tdf"/>
		<CBX_INST_ENTRY INSTANCE_NAME="|MIPS_processor_H|hazard_tunit:inst54|lpm_compare0:inst32|lpm_compare:lpm_compare_component" CBX_FILE_NAME="cmpr_ahg.tdf"/>
		<CBX_INST_ENTRY INSTANCE_NAME="|MIPS_processor_H|reg_file32:inst|lpm_mux0:inst|lpm_mux:lpm_mux_component" CBX_FILE_NAME="mux_0qc.tdf"/>
		<CBX_INST_ENTRY INSTANCE_NAME="|MIPS_processor_H|ula32:inst15|BUSMUX:inst38|lpm_mux:$00000" CBX_FILE_NAME="mux_9oc.tdf"/>
		<CBX_INST_ENTRY INSTANCE_NAME="|MIPS_processor_H|ula32:inst2|lpm_mult0:inst36|lpm_mult:lpm_mult_component" CBX_FILE_NAME="mult_44n.tdf"/>
		<CBX_INST_ENTRY INSTANCE_NAME="|MIPS_processor_H|BUSMUX:inst14|lpm_mux:$00000" CBX_FILE_NAME="mux_9oc.tdf"/>
		<CBX_INST_ENTRY INSTANCE_NAME="|MIPS_processor_H|BUSMUX:inst32|lpm_mux:$00000" CBX_FILE_NAME="mux_9oc.tdf"/>
		<CBX_INST_ENTRY INSTANCE_NAME="|MIPS_processor_H|lpm_mux2:inst49|lpm_mux:lpm_mux_component" CBX_FILE_NAME="mux_coc.tdf"/>
		<CBX_INST_ENTRY INSTANCE_NAME="|MIPS_processor_H|lpm_mux2:inst50|lpm_mux:lpm_mux_component" CBX_FILE_NAME="mux_coc.tdf"/>
		<CBX_INST_ENTRY INSTANCE_NAME="|MIPS_processor_H|reg_file32:inst|lpm_mux0:inst1|lpm_mux:lpm_mux_component" CBX_FILE_NAME="mux_0qc.tdf"/>
		<CBX_INST_ENTRY INSTANCE_NAME="|MIPS_processor_H|ula32:inst15|BUSMUX:inst39|lpm_mux:$00000" CBX_FILE_NAME="mux_9oc.tdf"/>
		<CBX_INST_ENTRY INSTANCE_NAME="|MIPS_processor_H|BUSMUX:inst33|lpm_mux:$00000" CBX_FILE_NAME="mux_pmc.tdf"/>
		<CBX_INST_ENTRY INSTANCE_NAME="|MIPS_processor_H|MemoriadeDados:inst23|L0:inst7|altsyncram:altsyncram_component" CBX_FILE_NAME="altsyncram_q6u1.tdf"/>
		<CBX_INST_ENTRY INSTANCE_NAME="|MIPS_processor_H|MemoriadeInstrucao:inst11|MuxDadosMem:inst5|lpm_mux:lpm_mux_component" CBX_FILE_NAME="mux_9oc.tdf"/>
		<CBX_INST_ENTRY INSTANCE_NAME="|MIPS_processor_H|hazard_tunit:inst54|lpm_compare0:inst25|lpm_compare:lpm_compare_component" CBX_FILE_NAME="cmpr_ahg.tdf"/>
		<CBX_INST_ENTRY INSTANCE_NAME="|MIPS_processor_H|ula32:inst15|lpm_clshift0:inst42|lpm_clshift:lpm_clshift_component" CBX_FILE_NAME="lpm_clshift_euc.tdf"/>
		<CBX_INST_ENTRY INSTANCE_NAME="|MIPS_processor_H|ula32:inst18|BUSMUX:inst37|lpm_mux:$00000" CBX_FILE_NAME="mux_9oc.tdf"/>
		<CBX_INST_ENTRY INSTANCE_NAME="|MIPS_processor_H|ula32:inst18|lui:inst40|lpm_constant2:inst|lpm_constant:lpm_constant_component" CBX_FILE_NAME="lpm_constant_9k6.tdf"/>
		<CBX_INST_ENTRY INSTANCE_NAME="|MIPS_processor_H|hazard_tunit:inst54|lpm_compare0:inst26|lpm_compare:lpm_compare_component" CBX_FILE_NAME="cmpr_ahg.tdf"/>
		<CBX_INST_ENTRY INSTANCE_NAME="|MIPS_processor_H|ula32:inst18|BUSMUX:inst38|lpm_mux:$00000" CBX_FILE_NAME="mux_9oc.tdf"/>
		<CBX_INST_ENTRY INSTANCE_NAME="|MIPS_processor_H|ula32:inst2|BUSMUX:inst37|lpm_mux:$00000" CBX_FILE_NAME="mux_9oc.tdf"/>
		<CBX_INST_ENTRY INSTANCE_NAME="|MIPS_processor_H|ula32:inst2|lui:inst40|lpm_constant2:inst|lpm_constant:lpm_constant_component" CBX_FILE_NAME="lpm_constant_9k6.tdf"/>
		<CBX_INST_ENTRY INSTANCE_NAME="|MIPS_processor_H|BUSMUX:inst8|lpm_mux:$00000" CBX_FILE_NAME="mux_qmc.tdf"/>
		<CBX_INST_ENTRY INSTANCE_NAME="|MIPS_processor_H|MemoriadeInstrucao:inst11|L0:inst7|altsyncram:altsyncram_component" CBX_FILE_NAME="altsyncram_q6u1.tdf"/>
		<CBX_INST_ENTRY INSTANCE_NAME="|MIPS_processor_H|MemoriadeInstrucao:inst11|L1inst:inst8|altsyncram:altsyncram_component" CBX_FILE_NAME="altsyncram_98v1.tdf"/>
		<CBX_INST_ENTRY INSTANCE_NAME="|MIPS_processor_H|lpm_constant1:inst45|lpm_constant:lpm_constant_component" CBX_FILE_NAME="lpm_constant_6k6.tdf"/>
		<CBX_INST_ENTRY INSTANCE_NAME="|MIPS_processor_H|ula32:inst15|lpm_mult0:inst36|lpm_mult:lpm_mult_component" CBX_FILE_NAME="mult_44n.tdf"/>
		<CBX_INST_ENTRY INSTANCE_NAME="|MIPS_processor_H|ula32:inst18|BUSMUX:inst39|lpm_mux:$00000" CBX_FILE_NAME="mux_9oc.tdf"/>
		<CBX_INST_ENTRY INSTANCE_NAME="|MIPS_processor_H|ula32:inst2|BUSMUX:inst38|lpm_mux:$00000" CBX_FILE_NAME="mux_9oc.tdf"/>
		<CBX_INST_ENTRY INSTANCE_NAME="|MIPS_processor_H|BUSMUX:inst9|lpm_mux:$00000" CBX_FILE_NAME="mux_9oc.tdf"/>
		<CBX_INST_ENTRY INSTANCE_NAME="|MIPS_processor_H|hazard_tunit:inst54|lpm_compare0:inst19|lpm_compare:lpm_compare_component" CBX_FILE_NAME="cmpr_ahg.tdf"/>
		<CBX_INST_ENTRY INSTANCE_NAME="|MIPS_processor_H|memoriadeinstrucao:inst11|lpm_dff0:inst1|lpm_ff:lpm_ff_component|altshift_taps:dffs_rtl_0" CBX_FILE_NAME="shift_taps_t1m.tdf"/>
		<CBX_INST_ENTRY INSTANCE_NAME="|MIPS_processor_H|ula32:inst2|BUSMUX:inst39|lpm_mux:$00000" CBX_FILE_NAME="mux_9oc.tdf"/>
		<CBX_INST_ENTRY INSTANCE_NAME="|MIPS_processor_H|hazard_tunit:inst54|lpm_compare0:inst29|lpm_compare:lpm_compare_component" CBX_FILE_NAME="cmpr_ahg.tdf"/>
		<CBX_INST_ENTRY INSTANCE_NAME="|MIPS_processor_H|ula32:inst2|lpm_clshift0:inst42|lpm_clshift:lpm_clshift_component" CBX_FILE_NAME="lpm_clshift_euc.tdf"/>
		<CBX_INST_ENTRY INSTANCE_NAME="|MIPS_processor_H|BUSMUX:inst38|lpm_mux:$00000" CBX_FILE_NAME="mux_8oc.tdf"/>
		<CBX_INST_ENTRY INSTANCE_NAME="|MIPS_processor_H|MemoriadeDados:inst23|L1dados:inst8|altsyncram:altsyncram_component" CBX_FILE_NAME="altsyncram_ec12.tdf"/>
		<CBX_INST_ENTRY INSTANCE_NAME="|MIPS_processor_H|ula32:inst15|BUSMUX:inst37|lpm_mux:$00000" CBX_FILE_NAME="mux_9oc.tdf"/>
	</PROJECT>
</LOG_ROOT>
